[
  {
    "keyword": "Feature",
    "name": "Check Banesco",
    "line": 1,
    "id": "check-banesco",
    "tags": [],
    "uri": "Banesco.feature",
    "elements": [
      {
        "id": "check-banesco;check-all-the-feature-of-the-banesco",
        "keyword": "Scenario",
        "line": 23,
        "name": "check all the feature of the Banesco",
        "tags": [],
        "type": "scenario",
        "steps": [
          {
            "arguments": [],
            "keyword": "Given ",
            "line": 5,
            "name": "visit the url",
            "result": {
              "status": "skipped"
            }
          },
          {
            "arguments": [],
            "keyword": "Then ",
            "line": 6,
            "name": "user visit login page and enter the \"amanb@siddhatech.com\" and \"Aman@123456789\" and click on login button",
            "result": {
              "status": "skipped"
            }
          },
          {
            "arguments": [],
            "keyword": "Then ",
            "line": 7,
            "name": "user visit usuarious and check the dropdown",
            "result": {
              "status": "skipped"
            }
          },
          {
            "arguments": [],
            "keyword": "Then ",
            "line": 8,
            "name": "user check status of the user whether user is active in active or block",
            "result": {
              "status": "skipped"
            }
          },
          {
            "arguments": [],
            "keyword": "Then ",
            "line": 9,
            "name": "user click on the create user tab and check validation",
            "result": {
              "status": "skipped"
            }
          },
          {
            "arguments": [],
            "keyword": "And ",
            "line": 10,
            "name": "user create user",
            "result": {
              "status": "skipped"
            }
          },
          {
            "arguments": [],
            "keyword": "And ",
            "line": 11,
            "name": "after creating user update block and delete the user",
            "result": {
              "status": "skipped"
            }
          },
          {
            "arguments": [],
            "keyword": "When ",
            "line": 12,
            "name": "the user is created visit transaction flow select transaction",
            "result": {
              "status": "skipped"
            }
          },
          {
            "arguments": [],
            "keyword": "Then ",
            "line": 13,
            "name": "user see the transaction details",
            "result": {
              "status": "skipped"
            }
          },
          {
            "arguments": [],
            "keyword": "And ",
            "line": 14,
            "name": "generate tax receipt",
            "result": {
              "status": "skipped"
            }
          }
        ]
      }
    ]
  }
]