[
  {
    "keyword": "Feature",
    "name": "verify Block/unblock user operation",
    "line": 1,
    "id": "verify-block/unblock-user-operation",
    "tags": [],
    "uri": "block_unblock.feature",
    "elements": [
      {
        "id": "verify-block/unblock-user-operation;block-and-unblock-user",
        "keyword": "Scenario",
        "line": 23,
        "name": "block and unblock user",
        "tags": [
          {
            "name": "@client_admin",
            "line": 12
          },
          {
            "name": "@client_create",
            "line": 12
          }
        ],
        "type": "scenario",
        "steps": [
          {
            "arguments": [],
            "keyword": "Given ",
            "line": 5,
            "name": "First user visit login page",
            "result": {
              "status": "passed",
              "duration": 1598000000
            }
          },
          {
            "arguments": [],
            "keyword": "Then ",
            "line": 6,
            "name": "user enter the email and password",
            "result": {
              "status": "passed",
              "duration": 1057000000
            }
          },
          {
            "arguments": [],
            "keyword": "And ",
            "line": 7,
            "name": "Click on the login button",
            "result": {
              "status": "passed",
              "duration": 87000000
            }
          },
          {
            "arguments": [],
            "keyword": "Given ",
            "line": 8,
            "name": "visit the user page",
            "result": {
              "status": "passed",
              "duration": 747000000
            }
          },
          {
            "arguments": [],
            "keyword": "Given ",
            "line": 14,
            "name": "user search for the user want to block by entering \"jack\" and \"reacher\"",
            "result": {
              "status": "passed",
              "duration": 616000000
            }
          },
          {
            "arguments": [],
            "keyword": "Then ",
            "line": 15,
            "name": "user click on the block button",
            "result": {
              "status": "passed",
              "duration": 23908000000
            }
          },
          {
            "arguments": [],
            "keyword": "Then ",
            "line": 16,
            "name": "verify the user is in the blocked list using \"jack@yopmail.com\" and \"jack\" and \"reacher\"",
            "result": {
              "status": "passed",
              "duration": 6599000000
            }
          },
          {
            "arguments": [],
            "keyword": "Then ",
            "line": 17,
            "name": "unblock the user",
            "result": {
              "status": "passed",
              "duration": 10492000000
            }
          },
          {
            "arguments": [],
            "keyword": "And ",
            "line": 18,
            "name": "check the user status is active by using \"jack\" and \"reacher\"",
            "result": {
              "status": "passed",
              "duration": 5478000000
            }
          }
        ]
      }
    ]
  }
]