[
  {
    "keyword": "Feature",
    "name": "verify user dropdown",
    "line": 1,
    "id": "verify-user-dropdown",
    "tags": [],
    "uri": "check_status.feature",
    "elements": [
      {
        "id": "verify-user-dropdown;check-status'",
        "keyword": "Scenario",
        "line": 19,
        "name": "check status'",
        "tags": [
          {
            "name": "@client_admin",
            "line": 10
          },
          {
            "name": "@client_create",
            "line": 10
          }
        ],
        "type": "scenario",
        "steps": [
          {
            "arguments": [],
            "keyword": "Given ",
            "line": 4,
            "name": "First user visit login page",
            "result": {
              "status": "passed",
              "duration": 1542000000
            }
          },
          {
            "arguments": [],
            "keyword": "Then ",
            "line": 5,
            "name": "user enter the email and password",
            "result": {
              "status": "passed",
              "duration": 891000000
            }
          },
          {
            "arguments": [],
            "keyword": "And ",
            "line": 6,
            "name": "Click on the login button",
            "result": {
              "status": "passed",
              "duration": 89000000
            }
          },
          {
            "arguments": [],
            "keyword": "Given ",
            "line": 7,
            "name": "visit the user page",
            "result": {
              "status": "passed",
              "duration": 666000000
            }
          },
          {
            "arguments": [],
            "keyword": "Then ",
            "line": 13,
            "name": "check the active status",
            "result": {
              "status": "passed",
              "duration": 12151000000
            }
          },
          {
            "arguments": [],
            "keyword": "Then ",
            "line": 14,
            "name": "check the blocked status",
            "result": {
              "status": "passed",
              "duration": 5170000000
            }
          },
          {
            "arguments": [],
            "keyword": "Then ",
            "line": 15,
            "name": "check the inactive status",
            "result": {
              "status": "passed",
              "duration": 2087000000
            }
          }
        ]
      }
    ]
  }
]