[
  {
    "keyword": "Feature",
    "name": "verify create user operation",
    "line": 1,
    "id": "verify-create-user-operation",
    "tags": [],
    "uri": "createuser.feature",
    "elements": [
      {
        "id": "verify-create-user-operation;check-user-validation",
        "keyword": "Scenario",
        "line": 12,
        "name": "check user validation",
        "tags": [
          {
            "name": "@client_admin",
            "line": 11
          },
          {
            "name": "@client_create",
            "line": 11
          }
        ],
        "type": "scenario",
        "steps": [
          {
            "arguments": [],
            "keyword": "Given ",
            "line": 5,
            "name": "First user visit login page",
            "result": {
              "status": "passed",
              "duration": 2890000000
            }
          },
          {
            "arguments": [],
            "keyword": "Then ",
            "line": 6,
            "name": "user enter the email and password",
            "result": {
              "status": "passed",
              "duration": 877000000
            }
          },
          {
            "arguments": [],
            "keyword": "And ",
            "line": 7,
            "name": "Click on the login button",
            "result": {
              "status": "passed",
              "duration": 90000000
            }
          },
          {
            "arguments": [],
            "keyword": "Given ",
            "line": 8,
            "name": "visit the user page",
            "result": {
              "status": "passed",
              "duration": 777000000
            }
          },
          {
            "arguments": [],
            "keyword": "Given ",
            "line": 13,
            "name": "user First click on the create user button",
            "result": {
              "status": "passed",
              "duration": 297000000
            }
          },
          {
            "arguments": [],
            "keyword": "Then ",
            "line": 14,
            "name": "after entering the create user page ,user checks for validation",
            "result": {
              "status": "passed",
              "duration": 4355000000
            }
          }
        ]
      },
      {
        "id": "verify-create-user-operation;create-user",
        "keyword": "Scenario",
        "line": 29,
        "name": "create user",
        "tags": [
          {
            "name": "@client_admin",
            "line": 18
          },
          {
            "name": "@client_create",
            "line": 18
          }
        ],
        "type": "scenario",
        "steps": [
          {
            "arguments": [],
            "keyword": "Given ",
            "line": 5,
            "name": "First user visit login page",
            "result": {
              "status": "passed",
              "duration": 230000000
            }
          },
          {
            "arguments": [],
            "keyword": "Then ",
            "line": 6,
            "name": "user enter the email and password",
            "result": {
              "status": "passed",
              "duration": 837000000
            }
          },
          {
            "arguments": [],
            "keyword": "And ",
            "line": 7,
            "name": "Click on the login button",
            "result": {
              "status": "passed",
              "duration": 86000000
            }
          },
          {
            "arguments": [],
            "keyword": "Given ",
            "line": 8,
            "name": "visit the user page",
            "result": {
              "status": "passed",
              "duration": 513000000
            }
          },
          {
            "arguments": [],
            "keyword": "Given ",
            "line": 20,
            "name": "user First click on the create user button",
            "result": {
              "status": "passed",
              "duration": 218000000
            }
          },
          {
            "arguments": [],
            "keyword": "Then ",
            "line": 21,
            "name": "user enter \"jack\" and \"reacher\" and \"jack@yopmail.com\"",
            "result": {
              "status": "passed",
              "duration": 917000000
            }
          },
          {
            "arguments": [],
            "keyword": "Then ",
            "line": 22,
            "name": "user select Role and location and click on the save button",
            "result": {
              "status": "passed",
              "duration": 30261000000
            }
          },
          {
            "arguments": [],
            "keyword": "And ",
            "line": 23,
            "name": "verify that user is created sucessfully by using \"jack\" and \"reacher\" and \"jack@yopmail.com\"",
            "result": {
              "status": "passed",
              "duration": 5528000000
            }
          }
        ]
      }
    ]
  }
]