[
  {
    "keyword": "Feature",
    "name": "verify delete user",
    "line": 1,
    "id": "verify-delete-user",
    "tags": [],
    "uri": "Delete.feature",
    "elements": [
      {
        "id": "verify-delete-user;delete-user",
        "keyword": "Scenario",
        "line": 18,
        "name": "delete user",
        "tags": [
          {
            "name": "@client_admin",
            "line": 10
          },
          {
            "name": "@client_create",
            "line": 10
          }
        ],
        "type": "scenario",
        "steps": [
          {
            "arguments": [],
            "keyword": "Given ",
            "line": 4,
            "name": "First user visit login page",
            "result": {
              "status": "passed",
              "duration": 954000000
            }
          },
          {
            "arguments": [],
            "keyword": "Then ",
            "line": 5,
            "name": "user enter the email and password",
            "result": {
              "status": "passed",
              "duration": 900000000
            }
          },
          {
            "arguments": [],
            "keyword": "And ",
            "line": 6,
            "name": "Click on the login button",
            "result": {
              "status": "passed",
              "duration": 90000000
            }
          },
          {
            "arguments": [],
            "keyword": "Given ",
            "line": 7,
            "name": "visit the user page",
            "result": {
              "status": "passed",
              "duration": 680000000
            }
          },
          {
            "arguments": [],
            "keyword": "Given ",
            "line": 12,
            "name": "First user give \"Dionis\" and \"Vargas\"",
            "result": {
              "status": "passed",
              "duration": 648000000
            }
          },
          {
            "arguments": [],
            "keyword": "Then ",
            "line": 13,
            "name": "user click on the delete button",
            "result": {
              "status": "passed",
              "duration": 2717000000
            }
          }
        ]
      }
    ]
  }
]