[
  {
    "keyword": "Feature",
    "name": "verify My location",
    "line": 1,
    "id": "verify-my-location",
    "tags": [],
    "uri": "location.feature",
    "elements": [
      {
        "id": "verify-my-location;check-my-location-page",
        "keyword": "Scenario",
        "line": 20,
        "name": "check My location page",
        "tags": [
          {
            "name": "@client_admin",
            "line": 10
          },
          {
            "name": "@client_downloader",
            "line": 10
          }
        ],
        "type": "scenario",
        "steps": [
          {
            "arguments": [],
            "keyword": "Given ",
            "line": 4,
            "name": "First user visit login page",
            "result": {
              "status": "passed",
              "duration": 1418000000
            }
          },
          {
            "arguments": [],
            "keyword": "Then ",
            "line": 5,
            "name": "user enter the email and password",
            "result": {
              "status": "passed",
              "duration": 893000000
            }
          },
          {
            "arguments": [],
            "keyword": "And ",
            "line": 6,
            "name": "Click on the login button",
            "result": {
              "status": "passed",
              "duration": 89000000
            }
          },
          {
            "arguments": [],
            "keyword": "Given ",
            "line": 12,
            "name": "user First visit on the my location page",
            "result": {
              "status": "passed",
              "duration": 678000000
            }
          },
          {
            "arguments": [],
            "keyword": "Then ",
            "line": 13,
            "name": "user verify the search \"Banesco Contigo\" and \"SSSPL\" and \"5661651511\"",
            "result": {
              "status": "passed",
              "duration": 8969000000
            }
          },
          {
            "arguments": [],
            "keyword": "Then ",
            "line": 14,
            "name": "user click on the action button",
            "result": {
              "status": "passed",
              "duration": 8084000000
            }
          },
          {
            "arguments": [],
            "keyword": "Then ",
            "line": 15,
            "name": "user First visit on the location details page and verify type of \"Terminal de Punto de Venta\" search bar and \"512\"",
            "result": {
              "status": "passed",
              "duration": 6267000000
            }
          },
          {
            "arguments": [],
            "keyword": "Then ",
            "line": 16,
            "name": "user reset the search record",
            "result": {
              "status": "passed",
              "duration": 88000000
            }
          }
        ]
      }
    ]
  }
]