[
  {
    "keyword": "Feature",
    "name": "Login",
    "line": 1,
    "id": "login",
    "tags": [],
    "uri": "Login.feature",
    "elements": [
      {
        "id": "login;user-login-with-valid-username-and-password",
        "keyword": "Scenario",
        "line": 5,
        "name": "User login with valid username and password",
        "tags": [
          {
            "name": "@client_admin",
            "line": 4
          },
          {
            "name": "@client_downloader",
            "line": 4
          }
        ],
        "type": "scenario",
        "steps": [
          {
            "arguments": [],
            "keyword": "Given ",
            "line": 7,
            "name": "First user visit login page",
            "result": {
              "status": "passed",
              "duration": 1461000000
            }
          },
          {
            "arguments": [],
            "keyword": "Then ",
            "line": 8,
            "name": "user enter the email and password",
            "result": {
              "status": "passed",
              "duration": 938000000
            }
          },
          {
            "arguments": [],
            "keyword": "And ",
            "line": 9,
            "name": "Click on the login button",
            "result": {
              "status": "passed",
              "duration": 86000000
            }
          },
          {
            "arguments": [],
            "keyword": "And ",
            "line": 10,
            "name": "verify the user is on the Transaction summary screen",
            "result": {
              "status": "passed",
              "duration": 6600000000
            }
          }
        ]
      },
      {
        "id": "login;user-login-with-invalid-username-and-password",
        "keyword": "Scenario",
        "line": 21,
        "name": "User login with invalid username and password",
        "tags": [
          {
            "name": "@client_admin",
            "line": 13
          },
          {
            "name": "@client_downloader",
            "line": 13
          }
        ],
        "type": "scenario",
        "steps": [
          {
            "arguments": [],
            "keyword": "Given ",
            "line": 15,
            "name": "First user visit login page",
            "result": {
              "status": "passed",
              "duration": 256000000
            }
          },
          {
            "arguments": [],
            "keyword": "Then ",
            "line": 16,
            "name": "user visit login page and enter the \"amanb@siddhatech.com\" and \"Aman@1234567890\"",
            "result": {
              "status": "passed",
              "duration": 827000000
            }
          },
          {
            "arguments": [],
            "keyword": "And ",
            "line": 17,
            "name": "Click on the login button",
            "result": {
              "status": "passed",
              "duration": 87000000
            }
          },
          {
            "arguments": [],
            "keyword": "And ",
            "line": 18,
            "name": "then user verify the error message invalid password",
            "result": {
              "status": "passed",
              "duration": 6088000000
            }
          }
        ]
      },
      {
        "id": "login;user-logged-in-with-credentials-that-do-not-follow-the-correct-format.",
        "keyword": "Scenario",
        "line": 34,
        "name": "user logged in with credentials that do not follow the correct format.",
        "tags": [
          {
            "name": "@client_admin",
            "line": 25
          },
          {
            "name": "@client_downloader",
            "line": 25
          }
        ],
        "type": "scenario",
        "steps": [
          {
            "arguments": [],
            "keyword": "Given ",
            "line": 27,
            "name": "First user visit login page",
            "result": {
              "status": "passed",
              "duration": 658000000
            }
          },
          {
            "arguments": [],
            "keyword": "Then ",
            "line": 28,
            "name": "user visit login page and enter the \"amanb@siddhatech.com\" and \"Aman\"",
            "result": {
              "status": "passed",
              "duration": 670000000
            }
          },
          {
            "arguments": [],
            "keyword": "And ",
            "line": 29,
            "name": "then user verify the error message",
            "result": {
              "status": "passed",
              "duration": 6019000000
            }
          }
        ]
      }
    ]
  }
]