[
  {
    "keyword": "Feature",
    "name": "verify more information tab",
    "line": 1,
    "id": "verify-more-information-tab",
    "tags": [],
    "uri": "more_information.feature",
    "elements": [
      {
        "id": "verify-more-information-tab;verify-more-information-tab",
        "keyword": "Scenario",
        "line": 19,
        "name": "verify more information tab",
        "tags": [
          {
            "name": "@client_admin",
            "line": 9
          }
        ],
        "type": "scenario",
        "steps": [
          {
            "arguments": [],
            "keyword": "Given ",
            "line": 4,
            "name": "First user visit login page",
            "result": {
              "status": "passed",
              "duration": 3292000000
            }
          },
          {
            "arguments": [],
            "keyword": "Then ",
            "line": 5,
            "name": "user enter the email and password",
            "result": {
              "status": "passed",
              "duration": 883000000
            }
          },
          {
            "arguments": [],
            "keyword": "And ",
            "line": 6,
            "name": "Click on the login button",
            "result": {
              "status": "passed",
              "duration": 88000000
            }
          },
          {
            "arguments": [],
            "keyword": "Then ",
            "line": 7,
            "name": "user visit more information option",
            "result": {
              "status": "passed",
              "duration": 694000000
            }
          },
          {
            "arguments": [],
            "keyword": "Then ",
            "line": 11,
            "name": "user verify that the user can download pdf",
            "result": {
              "status": "passed",
              "duration": 16206000000
            }
          },
          {
            "arguments": [],
            "keyword": "Given ",
            "line": 12,
            "name": "user visit the page and verify the details",
            "result": {
              "status": "passed",
              "duration": 8688000000
            }
          },
          {
            "arguments": [],
            "keyword": "Then ",
            "line": 13,
            "name": "user verify contact details \"adquirencia@banesco.com\" and \"Juan Perez\" and \"Maria Gomez\" and \"+18094144490\" and \"juanPerez@yopmail.com\"",
            "result": {
              "status": "passed",
              "duration": 16173000000
            }
          },
          {
            "arguments": [],
            "keyword": "Then ",
            "line": 14,
            "name": "user verify the frequently asked questions \"¿Cómo puedo cambiar mi dirección en mi cuenta?\"",
            "result": {
              "status": "passed",
              "duration": 9413000000
            }
          },
          {
            "arguments": [],
            "keyword": "Then ",
            "line": 15,
            "name": "user verify the important news",
            "result": {
              "status": "passed",
              "duration": 596000000
            }
          }
        ]
      }
    ]
  }
]