[
  {
    "keyword": "Feature",
    "name": "verify My location",
    "line": 1,
    "id": "verify-my-location",
    "tags": [],
    "uri": "service_req.feature",
    "elements": [
      {
        "id": "verify-my-location;check-service-request-page",
        "keyword": "Scenario",
        "line": 23,
        "name": "check service request page",
        "tags": [
          {
            "name": "@client_admin",
            "line": 10
          },
          {
            "name": "@client_downloader",
            "line": 10
          }
        ],
        "type": "scenario",
        "steps": [
          {
            "arguments": [],
            "keyword": "Given ",
            "line": 4,
            "name": "First user visit login page",
            "result": {
              "status": "passed",
              "duration": 1426000000
            }
          },
          {
            "arguments": [],
            "keyword": "Then ",
            "line": 5,
            "name": "user enter the email and password",
            "result": {
              "status": "passed",
              "duration": 873000000
            }
          },
          {
            "arguments": [],
            "keyword": "And ",
            "line": 6,
            "name": "Click on the login button",
            "result": {
              "status": "passed",
              "duration": 105000000
            }
          },
          {
            "arguments": [],
            "keyword": "Given ",
            "line": 7,
            "name": "user visit service request page",
            "result": {
              "status": "passed",
              "duration": 746000000
            }
          },
          {
            "arguments": [],
            "keyword": "Then ",
            "line": 12,
            "name": "verify dropdown using application no \"SR00056\"",
            "result": {
              "status": "passed",
              "duration": 11354000000
            }
          },
          {
            "arguments": [],
            "keyword": "And ",
            "line": 13,
            "name": "verify dropdown using type of application \"Solicitud de Reclamación\"",
            "result": {
              "status": "passed",
              "duration": 5756000000
            }
          },
          {
            "arguments": [],
            "keyword": "And ",
            "line": 14,
            "name": "verify dropdown using affilate number \"1\"",
            "result": {
              "status": "passed",
              "duration": 5331000000
            }
          },
          {
            "arguments": [],
            "keyword": "And ",
            "line": 15,
            "name": "verify dropdown using branch \"SSSPL\"",
            "result": {
              "status": "passed",
              "duration": 5465000000
            }
          },
          {
            "arguments": [],
            "keyword": "Then ",
            "line": 16,
            "name": "user select dates",
            "result": {
              "status": "passed",
              "duration": 18661000000
            }
          }
        ]
      },
      {
        "id": "verify-my-location;create-new-request",
        "keyword": "Scenario",
        "line": 34,
        "name": "create new request",
        "tags": [
          {
            "name": "@client_admin",
            "line": 26
          },
          {
            "name": "@client_downloader",
            "line": 26
          }
        ],
        "type": "scenario",
        "steps": [
          {
            "arguments": [],
            "keyword": "Given ",
            "line": 4,
            "name": "First user visit login page",
            "result": {
              "status": "passed",
              "duration": 514000000
            }
          },
          {
            "arguments": [],
            "keyword": "Then ",
            "line": 5,
            "name": "user enter the email and password",
            "result": {
              "status": "passed",
              "duration": 852000000
            }
          },
          {
            "arguments": [],
            "keyword": "And ",
            "line": 6,
            "name": "Click on the login button",
            "result": {
              "status": "passed",
              "duration": 87000000
            }
          },
          {
            "arguments": [],
            "keyword": "Given ",
            "line": 7,
            "name": "user visit service request page",
            "result": {
              "status": "passed",
              "duration": 682000000
            }
          },
          {
            "arguments": [],
            "keyword": "Then ",
            "line": 28,
            "name": "user click on the new application button and verify that yes button should be disable",
            "result": {
              "status": "passed",
              "duration": 441000000
            }
          },
          {
            "arguments": [],
            "keyword": "Then ",
            "line": 29,
            "name": "fill the information in the modal and enter \"Solicitud de Reclamación\" and \"Reverso o Devolución no reconocida\"",
            "result": {
              "status": "passed",
              "duration": 42241000000
            }
          },
          {
            "arguments": [],
            "keyword": "Then ",
            "line": 30,
            "name": "user see the details and verify that the service name is \"Solicitud de Reclamación\" and the subservice name is \"Reverso o Devolución no reconocida\"",
            "result": {
              "status": "passed",
              "duration": 12980000000
            }
          }
        ]
      }
    ]
  }
]