[
  {
    "keyword": "Feature",
    "name": "verify tax receipts",
    "line": 1,
    "id": "verify-tax-receipts",
    "tags": [],
    "uri": "Tax_receipts.feature",
    "elements": [
      {
        "id": "verify-tax-receipts;verify-transaction-receipts-and-generate-report-for-ssspl",
        "keyword": "Scenario",
        "line": 19,
        "name": "verify transaction receipts and generate report for SSSPL",
        "tags": [
          {
            "name": "@client_admin",
            "line": 9
          },
          {
            "name": "@client_downloader",
            "line": 9
          }
        ],
        "type": "scenario",
        "steps": [
          {
            "arguments": [],
            "keyword": "Given ",
            "line": 5,
            "name": "First user visit login page",
            "result": {
              "status": "passed",
              "duration": 1424000000
            }
          },
          {
            "arguments": [],
            "keyword": "Then ",
            "line": 6,
            "name": "user enter the email and password",
            "result": {
              "status": "passed",
              "duration": 867000000
            }
          },
          {
            "arguments": [],
            "keyword": "And ",
            "line": 7,
            "name": "Click on the login button",
            "result": {
              "status": "passed",
              "duration": 86000000
            }
          },
          {
            "arguments": [],
            "keyword": "Given ",
            "line": 11,
            "name": "First user visit tax receipts page",
            "result": {
              "status": "passed",
              "duration": 8704000000
            }
          },
          {
            "arguments": [],
            "keyword": "Then ",
            "line": 12,
            "name": "use select the date range",
            "result": {
              "status": "passed",
              "duration": 14769000000
            }
          },
          {
            "arguments": [],
            "keyword": "Then ",
            "line": 13,
            "name": "user search for the \"C12346\"",
            "result": {
              "status": "passed",
              "duration": 14338000000
            }
          },
          {
            "arguments": [],
            "keyword": "Then ",
            "line": 14,
            "name": "user select transaction from the last 3 months and then generate the report",
            "result": {
              "status": "passed",
              "duration": 3143000000
            }
          }
        ]
      },
      {
        "id": "verify-tax-receipts;verify-transaction-receipts-and-generate-report-for-hp",
        "keyword": "Scenario",
        "line": 22,
        "name": "verify transaction receipts and generate report for HP",
        "tags": [
          {
            "name": "@client_admin",
            "line": 21
          },
          {
            "name": "@client_downloader",
            "line": 21
          }
        ],
        "type": "scenario",
        "steps": [
          {
            "arguments": [],
            "keyword": "Given ",
            "line": 5,
            "name": "First user visit login page",
            "result": {
              "status": "passed",
              "duration": 350000000
            }
          },
          {
            "arguments": [],
            "keyword": "Then ",
            "line": 6,
            "name": "user enter the email and password",
            "result": {
              "status": "passed",
              "duration": 845000000
            }
          },
          {
            "arguments": [],
            "keyword": "And ",
            "line": 7,
            "name": "Click on the login button",
            "result": {
              "status": "passed",
              "duration": 105000000
            }
          },
          {
            "arguments": [],
            "keyword": "Given ",
            "line": 23,
            "name": "First user visit tax receipts page and select Hp",
            "result": {
              "status": "passed",
              "duration": 29787000000
            }
          },
          {
            "arguments": [],
            "keyword": "Then ",
            "line": 24,
            "name": "use select the date range",
            "result": {
              "status": "passed",
              "duration": 14623000000
            }
          },
          {
            "arguments": [],
            "keyword": "Then ",
            "line": 25,
            "name": "user select transaction from the last 3 months and then generate the report",
            "result": {
              "status": "passed",
              "duration": 2557000000
            }
          }
        ]
      },
      {
        "id": "verify-tax-receipts;verify-transaction-receipts-and-generate-report-for-all",
        "keyword": "Scenario",
        "line": 28,
        "name": "verify transaction receipts and generate report for ALL",
        "tags": [
          {
            "name": "@client_admin",
            "line": 27
          },
          {
            "name": "@client_downloader",
            "line": 27
          }
        ],
        "type": "scenario",
        "steps": [
          {
            "arguments": [],
            "keyword": "Given ",
            "line": 5,
            "name": "First user visit login page",
            "result": {
              "status": "passed",
              "duration": 281000000
            }
          },
          {
            "arguments": [],
            "keyword": "Then ",
            "line": 6,
            "name": "user enter the email and password",
            "result": {
              "status": "passed",
              "duration": 849000000
            }
          },
          {
            "arguments": [],
            "keyword": "And ",
            "line": 7,
            "name": "Click on the login button",
            "result": {
              "status": "passed",
              "duration": 88000000
            }
          },
          {
            "arguments": [],
            "keyword": "Given ",
            "line": 29,
            "name": "First user visit tax receipts page and select ALL",
            "result": {
              "status": "passed",
              "duration": 14781000000
            }
          },
          {
            "arguments": [],
            "keyword": "Then ",
            "line": 30,
            "name": "use select the date range",
            "result": {
              "status": "passed",
              "duration": 14639000000
            }
          },
          {
            "arguments": [],
            "keyword": "Then ",
            "line": 31,
            "name": "user select transaction from the last 3 months and then generate the report",
            "result": {
              "status": "passed",
              "duration": 3114000000
            }
          }
        ]
      }
    ]
  }
]