[
  {
    "keyword": "Feature",
    "name": "verify transaction details",
    "line": 1,
    "id": "verify-transaction-details",
    "tags": [],
    "uri": "Transaction_detail_SSSPL.feature",
    "elements": [
      {
        "id": "verify-transaction-details;verify-transaction-details-and-generate-report-for-ssspl",
        "keyword": "Scenario",
        "line": 19,
        "name": "verify transaction details and generate report for SSSPL",
        "tags": [
          {
            "name": "@client_admin",
            "line": 9
          },
          {
            "name": "@client_downloader",
            "line": 9
          }
        ],
        "type": "scenario",
        "steps": [
          {
            "arguments": [],
            "keyword": "Given ",
            "line": 5,
            "name": "First user visit login page",
            "result": {
              "status": "passed",
              "duration": 1420000000
            }
          },
          {
            "arguments": [],
            "keyword": "Then ",
            "line": 6,
            "name": "user enter the email and password",
            "result": {
              "status": "passed",
              "duration": 939000000
            }
          },
          {
            "arguments": [],
            "keyword": "And ",
            "line": 7,
            "name": "Click on the login button",
            "result": {
              "status": "passed",
              "duration": 86000000
            }
          },
          {
            "arguments": [],
            "keyword": "Given ",
            "line": 11,
            "name": "First user visit transaction details page",
            "result": {
              "status": "passed",
              "duration": 710000000
            }
          },
          {
            "arguments": [],
            "keyword": "Then ",
            "line": 12,
            "name": "user select the from and to date",
            "result": {
              "status": "passed",
              "duration": 6606000000
            }
          },
          {
            "arguments": [],
            "keyword": "Then ",
            "line": 13,
            "name": "user select terminal number and search for the \"1020\" id",
            "result": {
              "status": "passed",
              "duration": 4532000000
            }
          },
          {
            "arguments": [],
            "keyword": "Then ",
            "line": 14,
            "name": "select the last 10 statements",
            "result": {
              "status": "passed",
              "duration": 199000000
            }
          },
          {
            "arguments": [],
            "keyword": "Then ",
            "line": 15,
            "name": "user select the \"Detalles de transacciones\"",
            "result": {
              "status": "passed",
              "duration": 8205000000
            }
          },
          {
            "arguments": [],
            "keyword": "Then ",
            "line": 16,
            "name": "user generate information and verify popup",
            "result": {
              "status": "passed",
              "duration": 9514000000
            }
          }
        ]
      },
      {
        "id": "verify-transaction-details;verify-transaction-details-and-generate-report-for-ssspl",
        "keyword": "Scenario",
        "line": 20,
        "name": "verify transaction details and generate report for SSSPL",
        "tags": [
          {
            "name": "@client_admin",
            "line": 9
          },
          {
            "name": "@client_downloader",
            "line": 9
          }
        ],
        "type": "scenario",
        "steps": [
          {
            "arguments": [],
            "keyword": "Given ",
            "line": 5,
            "name": "First user visit login page",
            "result": {
              "status": "passed",
              "duration": 397000000
            }
          },
          {
            "arguments": [],
            "keyword": "Then ",
            "line": 6,
            "name": "user enter the email and password",
            "result": {
              "status": "passed",
              "duration": 876000000
            }
          },
          {
            "arguments": [],
            "keyword": "And ",
            "line": 7,
            "name": "Click on the login button",
            "result": {
              "status": "passed",
              "duration": 86000000
            }
          },
          {
            "arguments": [],
            "keyword": "Given ",
            "line": 11,
            "name": "First user visit transaction details page",
            "result": {
              "status": "passed",
              "duration": 732000000
            }
          },
          {
            "arguments": [],
            "keyword": "Then ",
            "line": 12,
            "name": "user select the from and to date",
            "result": {
              "status": "passed",
              "duration": 6621000000
            }
          },
          {
            "arguments": [],
            "keyword": "Then ",
            "line": 13,
            "name": "user select terminal number and search for the \"1020\" id",
            "result": {
              "status": "passed",
              "duration": 4516000000
            }
          },
          {
            "arguments": [],
            "keyword": "Then ",
            "line": 14,
            "name": "select the last 10 statements",
            "result": {
              "status": "passed",
              "duration": 187000000
            }
          },
          {
            "arguments": [],
            "keyword": "Then ",
            "line": 15,
            "name": "user select the \"Propinas legales\"",
            "result": {
              "status": "passed",
              "duration": 8209000000
            }
          },
          {
            "arguments": [],
            "keyword": "Then ",
            "line": 16,
            "name": "user generate information and verify popup",
            "result": {
              "status": "passed",
              "duration": 9201000000
            }
          }
        ]
      },
      {
        "id": "verify-transaction-details;verify-transaction-details-and-generate-report-for-ssspl",
        "keyword": "Scenario",
        "line": 21,
        "name": "verify transaction details and generate report for SSSPL",
        "tags": [
          {
            "name": "@client_admin",
            "line": 9
          },
          {
            "name": "@client_downloader",
            "line": 9
          }
        ],
        "type": "scenario",
        "steps": [
          {
            "arguments": [],
            "keyword": "Given ",
            "line": 5,
            "name": "First user visit login page",
            "result": {
              "status": "passed",
              "duration": 403000000
            }
          },
          {
            "arguments": [],
            "keyword": "Then ",
            "line": 6,
            "name": "user enter the email and password",
            "result": {
              "status": "passed",
              "duration": 810000000
            }
          },
          {
            "arguments": [],
            "keyword": "And ",
            "line": 7,
            "name": "Click on the login button",
            "result": {
              "status": "passed",
              "duration": 87000000
            }
          },
          {
            "arguments": [],
            "keyword": "Given ",
            "line": 11,
            "name": "First user visit transaction details page",
            "result": {
              "status": "passed",
              "duration": 499000000
            }
          },
          {
            "arguments": [],
            "keyword": "Then ",
            "line": 12,
            "name": "user select the from and to date",
            "result": {
              "status": "passed",
              "duration": 6600000000
            }
          },
          {
            "arguments": [],
            "keyword": "Then ",
            "line": 13,
            "name": "user select terminal number and search for the \"1020\" id",
            "result": {
              "status": "passed",
              "duration": 4532000000
            }
          },
          {
            "arguments": [],
            "keyword": "Then ",
            "line": 14,
            "name": "select the last 10 statements",
            "result": {
              "status": "passed",
              "duration": 218000000
            }
          },
          {
            "arguments": [],
            "keyword": "Then ",
            "line": 15,
            "name": "user select the \"Detalle de cierre por terminal\"",
            "result": {
              "status": "passed",
              "duration": 8185000000
            }
          },
          {
            "arguments": [],
            "keyword": "Then ",
            "line": 16,
            "name": "user generate information and verify popup",
            "result": {
              "status": "passed",
              "duration": 9229000000
            }
          }
        ]
      },
      {
        "id": "verify-transaction-details;verify-transaction-details-and-generate-report-for-ssspl",
        "keyword": "Scenario",
        "line": 22,
        "name": "verify transaction details and generate report for SSSPL",
        "tags": [
          {
            "name": "@client_admin",
            "line": 9
          },
          {
            "name": "@client_downloader",
            "line": 9
          }
        ],
        "type": "scenario",
        "steps": [
          {
            "arguments": [],
            "keyword": "Given ",
            "line": 5,
            "name": "First user visit login page",
            "result": {
              "status": "passed",
              "duration": 385000000
            }
          },
          {
            "arguments": [],
            "keyword": "Then ",
            "line": 6,
            "name": "user enter the email and password",
            "result": {
              "status": "passed",
              "duration": 823000000
            }
          },
          {
            "arguments": [],
            "keyword": "And ",
            "line": 7,
            "name": "Click on the login button",
            "result": {
              "status": "passed",
              "duration": 87000000
            }
          },
          {
            "arguments": [],
            "keyword": "Given ",
            "line": 11,
            "name": "First user visit transaction details page",
            "result": {
              "status": "passed",
              "duration": 481000000
            }
          },
          {
            "arguments": [],
            "keyword": "Then ",
            "line": 12,
            "name": "user select the from and to date",
            "result": {
              "status": "passed",
              "duration": 6615000000
            }
          },
          {
            "arguments": [],
            "keyword": "Then ",
            "line": 13,
            "name": "user select terminal number and search for the \"1020\" id",
            "result": {
              "status": "passed",
              "duration": 4522000000
            }
          },
          {
            "arguments": [],
            "keyword": "Then ",
            "line": 14,
            "name": "select the last 10 statements",
            "result": {
              "status": "passed",
              "duration": 217000000
            }
          },
          {
            "arguments": [],
            "keyword": "Then ",
            "line": 15,
            "name": "user select the \"Reporte propina legal y voluntaria\"",
            "result": {
              "status": "passed",
              "duration": 8203000000
            }
          },
          {
            "arguments": [],
            "keyword": "Then ",
            "line": 16,
            "name": "user generate information and verify popup",
            "result": {
              "status": "passed",
              "duration": 9265000000
            }
          }
        ]
      },
      {
        "id": "verify-transaction-details;verify-transaction-details-and-generate-report-for-ssspl",
        "keyword": "Scenario",
        "line": 23,
        "name": "verify transaction details and generate report for SSSPL",
        "tags": [
          {
            "name": "@client_admin",
            "line": 9
          },
          {
            "name": "@client_downloader",
            "line": 9
          }
        ],
        "type": "scenario",
        "steps": [
          {
            "arguments": [],
            "keyword": "Given ",
            "line": 5,
            "name": "First user visit login page",
            "result": {
              "status": "passed",
              "duration": 403000000
            }
          },
          {
            "arguments": [],
            "keyword": "Then ",
            "line": 6,
            "name": "user enter the email and password",
            "result": {
              "status": "passed",
              "duration": 838000000
            }
          },
          {
            "arguments": [],
            "keyword": "And ",
            "line": 7,
            "name": "Click on the login button",
            "result": {
              "status": "passed",
              "duration": 84000000
            }
          },
          {
            "arguments": [],
            "keyword": "Given ",
            "line": 11,
            "name": "First user visit transaction details page",
            "result": {
              "status": "passed",
              "duration": 548000000
            }
          },
          {
            "arguments": [],
            "keyword": "Then ",
            "line": 12,
            "name": "user select the from and to date",
            "result": {
              "status": "passed",
              "duration": 6604000000
            }
          },
          {
            "arguments": [],
            "keyword": "Then ",
            "line": 13,
            "name": "user select terminal number and search for the \"1020\" id",
            "result": {
              "status": "passed",
              "duration": 4500000000
            }
          },
          {
            "arguments": [],
            "keyword": "Then ",
            "line": 14,
            "name": "select the last 10 statements",
            "result": {
              "status": "passed",
              "duration": 198000000
            }
          },
          {
            "arguments": [],
            "keyword": "Then ",
            "line": 15,
            "name": "user select the \"Propinas adiccionales\"",
            "result": {
              "status": "passed",
              "duration": 8204000000
            }
          },
          {
            "arguments": [],
            "keyword": "Then ",
            "line": 16,
            "name": "user generate information and verify popup",
            "result": {
              "status": "passed",
              "duration": 9235000000
            }
          }
        ]
      }
    ]
  }
]