[
  {
    "keyword": "Feature",
    "name": "verify transaction details",
    "line": 1,
    "id": "verify-transaction-details",
    "tags": [],
    "uri": "Transaction_detail_HP.feature",
    "elements": [
      {
        "id": "verify-transaction-details;verify-transaction-details-and-generate-report-for-hp",
        "keyword": "Scenario",
        "line": 17,
        "name": "verify transaction details and generate report for HP",
        "tags": [
          {
            "name": "@client_admin",
            "line": 9
          },
          {
            "name": "@client_downloader",
            "line": 9
          }
        ],
        "type": "scenario",
        "steps": [
          {
            "arguments": [],
            "keyword": "Given ",
            "line": 5,
            "name": "First user visit login page",
            "result": {
              "status": "passed",
              "duration": 1470000000
            }
          },
          {
            "arguments": [],
            "keyword": "Then ",
            "line": 6,
            "name": "user enter the email and password",
            "result": {
              "status": "passed",
              "duration": 892000000
            }
          },
          {
            "arguments": [],
            "keyword": "And ",
            "line": 7,
            "name": "Click on the login button",
            "result": {
              "status": "passed",
              "duration": 86000000
            }
          },
          {
            "arguments": [],
            "keyword": "Given ",
            "line": 11,
            "name": "First user visit transaction details page And select HP",
            "result": {
              "status": "passed",
              "duration": 1479000000
            }
          }
        ]
      },
      {
        "id": "verify-transaction-details;verify-transaction-details-and-generate-report-for-hp",
        "keyword": "Scenario",
        "line": 18,
        "name": "verify transaction details and generate report for HP",
        "tags": [
          {
            "name": "@client_admin",
            "line": 9
          },
          {
            "name": "@client_downloader",
            "line": 9
          }
        ],
        "type": "scenario",
        "steps": [
          {
            "arguments": [],
            "keyword": "Given ",
            "line": 5,
            "name": "First user visit login page",
            "result": {
              "status": "passed",
              "duration": 261000000
            }
          },
          {
            "arguments": [],
            "keyword": "Then ",
            "line": 6,
            "name": "user enter the email and password",
            "result": {
              "status": "passed",
              "duration": 822000000
            }
          },
          {
            "arguments": [],
            "keyword": "And ",
            "line": 7,
            "name": "Click on the login button",
            "result": {
              "status": "passed",
              "duration": 91000000
            }
          },
          {
            "arguments": [],
            "keyword": "Given ",
            "line": 11,
            "name": "First user visit transaction details page And select HP",
            "result": {
              "status": "passed",
              "duration": 1238000000
            }
          }
        ]
      },
      {
        "id": "verify-transaction-details;verify-transaction-details-and-generate-report-for-hp",
        "keyword": "Scenario",
        "line": 19,
        "name": "verify transaction details and generate report for HP",
        "tags": [
          {
            "name": "@client_admin",
            "line": 9
          },
          {
            "name": "@client_downloader",
            "line": 9
          }
        ],
        "type": "scenario",
        "steps": [
          {
            "arguments": [],
            "keyword": "Given ",
            "line": 5,
            "name": "First user visit login page",
            "result": {
              "status": "passed",
              "duration": 238000000
            }
          },
          {
            "arguments": [],
            "keyword": "Then ",
            "line": 6,
            "name": "user enter the email and password",
            "result": {
              "status": "passed",
              "duration": 821000000
            }
          },
          {
            "arguments": [],
            "keyword": "And ",
            "line": 7,
            "name": "Click on the login button",
            "result": {
              "status": "passed",
              "duration": 86000000
            }
          },
          {
            "arguments": [],
            "keyword": "Given ",
            "line": 11,
            "name": "First user visit transaction details page And select HP",
            "result": {
              "status": "passed",
              "duration": 1211000000
            }
          }
        ]
      },
      {
        "id": "verify-transaction-details;verify-transaction-details-and-generate-report-for-hp",
        "keyword": "Scenario",
        "line": 20,
        "name": "verify transaction details and generate report for HP",
        "tags": [
          {
            "name": "@client_admin",
            "line": 9
          },
          {
            "name": "@client_downloader",
            "line": 9
          }
        ],
        "type": "scenario",
        "steps": [
          {
            "arguments": [],
            "keyword": "Given ",
            "line": 5,
            "name": "First user visit login page",
            "result": {
              "status": "passed",
              "duration": 243000000
            }
          },
          {
            "arguments": [],
            "keyword": "Then ",
            "line": 6,
            "name": "user enter the email and password",
            "result": {
              "status": "passed",
              "duration": 826000000
            }
          },
          {
            "arguments": [],
            "keyword": "And ",
            "line": 7,
            "name": "Click on the login button",
            "result": {
              "status": "passed",
              "duration": 86000000
            }
          },
          {
            "arguments": [],
            "keyword": "Given ",
            "line": 11,
            "name": "First user visit transaction details page And select HP",
            "result": {
              "status": "passed",
              "duration": 1323000000
            }
          }
        ]
      },
      {
        "id": "verify-transaction-details;verify-transaction-details-and-generate-report-for-hp",
        "keyword": "Scenario",
        "line": 21,
        "name": "verify transaction details and generate report for HP",
        "tags": [
          {
            "name": "@client_admin",
            "line": 9
          },
          {
            "name": "@client_downloader",
            "line": 9
          }
        ],
        "type": "scenario",
        "steps": [
          {
            "arguments": [],
            "keyword": "Given ",
            "line": 5,
            "name": "First user visit login page",
            "result": {
              "status": "passed",
              "duration": 198000000
            }
          },
          {
            "arguments": [],
            "keyword": "Then ",
            "line": 6,
            "name": "user enter the email and password",
            "result": {
              "status": "passed",
              "duration": 828000000
            }
          },
          {
            "arguments": [],
            "keyword": "And ",
            "line": 7,
            "name": "Click on the login button",
            "result": {
              "status": "passed",
              "duration": 86000000
            }
          },
          {
            "arguments": [],
            "keyword": "Given ",
            "line": 11,
            "name": "First user visit transaction details page And select HP",
            "result": {
              "status": "passed",
              "duration": 1139000000
            }
          }
        ]
      }
    ]
  }
]