[
  {
    "keyword": "Feature",
    "name": "verify transaction summary",
    "line": 1,
    "id": "verify-transaction-summary",
    "tags": [],
    "uri": "Transaction_summary.feature",
    "elements": [
      {
        "id": "verify-transaction-summary;verify-transaction-summary-using-ssspl",
        "keyword": "Scenario",
        "line": 10,
        "name": "verify transaction summary using SSSPL",
        "tags": [
          {
            "name": "@client_admin",
            "line": 9
          },
          {
            "name": "@client_downloader",
            "line": 9
          }
        ],
        "type": "scenario",
        "steps": [
          {
            "arguments": [],
            "keyword": "Given ",
            "line": 5,
            "name": "First user visit login page",
            "result": {
              "status": "passed",
              "duration": 1798000000
            }
          },
          {
            "arguments": [],
            "keyword": "Then ",
            "line": 6,
            "name": "user enter the email and password",
            "result": {
              "status": "passed",
              "duration": 862000000
            }
          },
          {
            "arguments": [],
            "keyword": "And ",
            "line": 7,
            "name": "Click on the login button",
            "result": {
              "status": "passed",
              "duration": 88000000
            }
          },
          {
            "arguments": [],
            "keyword": "Given ",
            "line": 11,
            "name": "First user visit transaction summary page",
            "result": {
              "status": "passed",
              "duration": 592000000
            }
          },
          {
            "arguments": [],
            "keyword": "Then ",
            "line": 12,
            "name": "select date of from and to date of transaction summary page",
            "result": {
              "status": "passed",
              "duration": 14610000000
            }
          },
          {
            "arguments": [],
            "keyword": "Then ",
            "line": 13,
            "name": "generate the report and verify the popup and then reset",
            "result": {
              "status": "passed",
              "duration": 26024000000
            }
          }
        ]
      },
      {
        "id": "verify-transaction-summary;verify-transaction-summary-using-all",
        "keyword": "Scenario",
        "line": 17,
        "name": "verify transaction summary using ALL",
        "tags": [
          {
            "name": "@client_admin",
            "line": 16
          },
          {
            "name": "@client_downloader",
            "line": 16
          }
        ],
        "type": "scenario",
        "steps": [
          {
            "arguments": [],
            "keyword": "Given ",
            "line": 5,
            "name": "First user visit login page",
            "result": {
              "status": "passed",
              "duration": 376000000
            }
          },
          {
            "arguments": [],
            "keyword": "Then ",
            "line": 6,
            "name": "user enter the email and password",
            "result": {
              "status": "passed",
              "duration": 875000000
            }
          },
          {
            "arguments": [],
            "keyword": "And ",
            "line": 7,
            "name": "Click on the login button",
            "result": {
              "status": "passed",
              "duration": 89000000
            }
          },
          {
            "arguments": [],
            "keyword": "Given ",
            "line": 18,
            "name": "First user visit transaction summary page and select ALL",
            "result": {
              "status": "passed",
              "duration": 1078000000
            }
          },
          {
            "arguments": [],
            "keyword": "Then ",
            "line": 19,
            "name": "select date of from and to date of transaction summary page",
            "result": {
              "status": "passed",
              "duration": 14608000000
            }
          },
          {
            "arguments": [],
            "keyword": "Then ",
            "line": 20,
            "name": "generate the report and verify the popup and then reset",
            "result": {
              "status": "passed",
              "duration": 26738000000
            }
          }
        ]
      },
      {
        "id": "verify-transaction-summary;verify-transaction-summary-using-hp",
        "keyword": "Scenario",
        "line": 24,
        "name": "verify transaction summary using HP",
        "tags": [
          {
            "name": "@client_admin",
            "line": 23
          },
          {
            "name": "@client_downloader",
            "line": 23
          }
        ],
        "type": "scenario",
        "steps": [
          {
            "arguments": [],
            "keyword": "Given ",
            "line": 5,
            "name": "First user visit login page",
            "result": {
              "status": "passed",
              "duration": 751000000
            }
          },
          {
            "arguments": [],
            "keyword": "Then ",
            "line": 6,
            "name": "user enter the email and password",
            "result": {
              "status": "passed",
              "duration": 868000000
            }
          },
          {
            "arguments": [],
            "keyword": "And ",
            "line": 7,
            "name": "Click on the login button",
            "result": {
              "status": "passed",
              "duration": 88000000
            }
          },
          {
            "arguments": [],
            "keyword": "Given ",
            "line": 25,
            "name": "First user visit transaction summary page and select HP",
            "result": {
              "status": "passed",
              "duration": 6283000000
            }
          },
          {
            "arguments": [],
            "keyword": "Then ",
            "line": 26,
            "name": "select date of from and to date of transaction summary page",
            "result": {
              "status": "passed",
              "duration": 14606000000
            }
          },
          {
            "arguments": [],
            "keyword": "Then ",
            "line": 27,
            "name": "verify the generate button",
            "result": {
              "status": "passed",
              "duration": 538000000
            }
          }
        ]
      }
    ]
  }
]