[
  {
    "keyword": "Feature",
    "name": "verify transaction details",
    "line": 3,
    "id": "verify-transaction-details",
    "tags": [],
    "uri": "Transaction_detail_ALL.feature",
    "elements": [
      {
        "id": "verify-transaction-details;verify-transaction-details-and-generate-report-for-todos",
        "keyword": "Scenario",
        "line": 21,
        "name": "verify transaction details and generate report for TODOS",
        "tags": [
          {
            "name": "@client_admin",
            "line": 11
          },
          {
            "name": "@client_downloader",
            "line": 11
          }
        ],
        "type": "scenario",
        "steps": [
          {
            "arguments": [],
            "keyword": "Given ",
            "line": 7,
            "name": "First user visit login page",
            "result": {
              "status": "passed",
              "duration": 1503000000
            }
          },
          {
            "arguments": [],
            "keyword": "Then ",
            "line": 8,
            "name": "user enter the email and password",
            "result": {
              "status": "passed",
              "duration": 917000000
            }
          },
          {
            "arguments": [],
            "keyword": "And ",
            "line": 9,
            "name": "Click on the login button",
            "result": {
              "status": "passed",
              "duration": 88000000
            }
          },
          {
            "arguments": [],
            "keyword": "Given ",
            "line": 13,
            "name": "First user visit transaction details page and select ALL",
            "result": {
              "status": "passed",
              "duration": 1395000000
            }
          },
          {
            "arguments": [],
            "keyword": "Then ",
            "line": 14,
            "name": "user select the from and to date",
            "result": {
              "status": "passed",
              "duration": 6655000000
            }
          },
          {
            "arguments": [],
            "keyword": "Then ",
            "line": 15,
            "name": "user select terminal number and search for the \"1020\" id",
            "result": {
              "status": "passed",
              "duration": 4497000000
            }
          },
          {
            "arguments": [],
            "keyword": "Then ",
            "line": 16,
            "name": "select the last 10 statements",
            "result": {
              "status": "passed",
              "duration": 216000000
            }
          },
          {
            "arguments": [],
            "keyword": "Then ",
            "line": 17,
            "name": "user select the \"Detalles de transacciones\"",
            "result": {
              "status": "passed",
              "duration": 8206000000
            }
          },
          {
            "arguments": [],
            "keyword": "Then ",
            "line": 18,
            "name": "user generate information and verify popup",
            "result": {
              "status": "passed",
              "duration": 9213000000
            }
          }
        ]
      },
      {
        "id": "verify-transaction-details;verify-transaction-details-and-generate-report-for-todos",
        "keyword": "Scenario",
        "line": 22,
        "name": "verify transaction details and generate report for TODOS",
        "tags": [
          {
            "name": "@client_admin",
            "line": 11
          },
          {
            "name": "@client_downloader",
            "line": 11
          }
        ],
        "type": "scenario",
        "steps": [
          {
            "arguments": [],
            "keyword": "Given ",
            "line": 7,
            "name": "First user visit login page",
            "result": {
              "status": "passed",
              "duration": 754000000
            }
          },
          {
            "arguments": [],
            "keyword": "Then ",
            "line": 8,
            "name": "user enter the email and password",
            "result": {
              "status": "passed",
              "duration": 837000000
            }
          },
          {
            "arguments": [],
            "keyword": "And ",
            "line": 9,
            "name": "Click on the login button",
            "result": {
              "status": "passed",
              "duration": 88000000
            }
          },
          {
            "arguments": [],
            "keyword": "Given ",
            "line": 13,
            "name": "First user visit transaction details page and select ALL",
            "result": {
              "status": "passed",
              "duration": 2297000000
            }
          },
          {
            "arguments": [],
            "keyword": "Then ",
            "line": 14,
            "name": "user select the from and to date",
            "result": {
              "status": "passed",
              "duration": 6635000000
            }
          },
          {
            "arguments": [],
            "keyword": "Then ",
            "line": 15,
            "name": "user select terminal number and search for the \"1020\" id",
            "result": {
              "status": "passed",
              "duration": 4535000000
            }
          },
          {
            "arguments": [],
            "keyword": "Then ",
            "line": 16,
            "name": "select the last 10 statements",
            "result": {
              "status": "passed",
              "duration": 200000000
            }
          },
          {
            "arguments": [],
            "keyword": "Then ",
            "line": 17,
            "name": "user select the \"Propinas legales\"",
            "result": {
              "status": "passed",
              "duration": 8221000000
            }
          },
          {
            "arguments": [],
            "keyword": "Then ",
            "line": 18,
            "name": "user generate information and verify popup",
            "result": {
              "status": "passed",
              "duration": 9491000000
            }
          }
        ]
      },
      {
        "id": "verify-transaction-details;verify-transaction-details-and-generate-report-for-todos",
        "keyword": "Scenario",
        "line": 23,
        "name": "verify transaction details and generate report for TODOS",
        "tags": [
          {
            "name": "@client_admin",
            "line": 11
          },
          {
            "name": "@client_downloader",
            "line": 11
          }
        ],
        "type": "scenario",
        "steps": [
          {
            "arguments": [],
            "keyword": "Given ",
            "line": 7,
            "name": "First user visit login page",
            "result": {
              "status": "passed",
              "duration": 429000000
            }
          },
          {
            "arguments": [],
            "keyword": "Then ",
            "line": 8,
            "name": "user enter the email and password",
            "result": {
              "status": "passed",
              "duration": 834000000
            }
          },
          {
            "arguments": [],
            "keyword": "And ",
            "line": 9,
            "name": "Click on the login button",
            "result": {
              "status": "passed",
              "duration": 86000000
            }
          },
          {
            "arguments": [],
            "keyword": "Given ",
            "line": 13,
            "name": "First user visit transaction details page and select ALL",
            "result": {
              "status": "passed",
              "duration": 1291000000
            }
          },
          {
            "arguments": [],
            "keyword": "Then ",
            "line": 14,
            "name": "user select the from and to date",
            "result": {
              "status": "passed",
              "duration": 6596000000
            }
          },
          {
            "arguments": [],
            "keyword": "Then ",
            "line": 15,
            "name": "user select terminal number and search for the \"1020\" id",
            "result": {
              "status": "passed",
              "duration": 4526000000
            }
          },
          {
            "arguments": [],
            "keyword": "Then ",
            "line": 16,
            "name": "select the last 10 statements",
            "result": {
              "status": "passed",
              "duration": 197000000
            }
          },
          {
            "arguments": [],
            "keyword": "Then ",
            "line": 17,
            "name": "user select the \"Detalle de cierre por terminal\"",
            "result": {
              "status": "passed",
              "duration": 8195000000
            }
          },
          {
            "arguments": [],
            "keyword": "Then ",
            "line": 18,
            "name": "user generate information and verify popup",
            "result": {
              "status": "passed",
              "duration": 9279000000
            }
          }
        ]
      },
      {
        "id": "verify-transaction-details;verify-transaction-details-and-generate-report-for-todos",
        "keyword": "Scenario",
        "line": 24,
        "name": "verify transaction details and generate report for TODOS",
        "tags": [
          {
            "name": "@client_admin",
            "line": 11
          },
          {
            "name": "@client_downloader",
            "line": 11
          }
        ],
        "type": "scenario",
        "steps": [
          {
            "arguments": [],
            "keyword": "Given ",
            "line": 7,
            "name": "First user visit login page",
            "result": {
              "status": "passed",
              "duration": 708000000
            }
          },
          {
            "arguments": [],
            "keyword": "Then ",
            "line": 8,
            "name": "user enter the email and password",
            "result": {
              "status": "passed",
              "duration": 833000000
            }
          },
          {
            "arguments": [],
            "keyword": "And ",
            "line": 9,
            "name": "Click on the login button",
            "result": {
              "status": "passed",
              "duration": 90000000
            }
          },
          {
            "arguments": [],
            "keyword": "Given ",
            "line": 13,
            "name": "First user visit transaction details page and select ALL",
            "result": {
              "status": "passed",
              "duration": 1287000000
            }
          },
          {
            "arguments": [],
            "keyword": "Then ",
            "line": 14,
            "name": "user select the from and to date",
            "result": {
              "status": "passed",
              "duration": 6593000000
            }
          },
          {
            "arguments": [],
            "keyword": "Then ",
            "line": 15,
            "name": "user select terminal number and search for the \"1020\" id",
            "result": {
              "status": "passed",
              "duration": 4518000000
            }
          },
          {
            "arguments": [],
            "keyword": "Then ",
            "line": 16,
            "name": "select the last 10 statements",
            "result": {
              "status": "passed",
              "duration": 187000000
            }
          },
          {
            "arguments": [],
            "keyword": "Then ",
            "line": 17,
            "name": "user select the \"Reporte propina legal y voluntaria\"",
            "result": {
              "status": "passed",
              "duration": 8204000000
            }
          },
          {
            "arguments": [],
            "keyword": "Then ",
            "line": 18,
            "name": "user generate information and verify popup",
            "result": {
              "status": "passed",
              "duration": 9258000000
            }
          }
        ]
      },
      {
        "id": "verify-transaction-details;verify-transaction-details-and-generate-report-for-todos",
        "keyword": "Scenario",
        "line": 25,
        "name": "verify transaction details and generate report for TODOS",
        "tags": [
          {
            "name": "@client_admin",
            "line": 11
          },
          {
            "name": "@client_downloader",
            "line": 11
          }
        ],
        "type": "scenario",
        "steps": [
          {
            "arguments": [],
            "keyword": "Given ",
            "line": 7,
            "name": "First user visit login page",
            "result": {
              "status": "passed",
              "duration": 506000000
            }
          },
          {
            "arguments": [],
            "keyword": "Then ",
            "line": 8,
            "name": "user enter the email and password",
            "result": {
              "status": "passed",
              "duration": 836000000
            }
          },
          {
            "arguments": [],
            "keyword": "And ",
            "line": 9,
            "name": "Click on the login button",
            "result": {
              "status": "passed",
              "duration": 86000000
            }
          },
          {
            "arguments": [],
            "keyword": "Given ",
            "line": 13,
            "name": "First user visit transaction details page and select ALL",
            "result": {
              "status": "passed",
              "duration": 1139000000
            }
          },
          {
            "arguments": [],
            "keyword": "Then ",
            "line": 14,
            "name": "user select the from and to date",
            "result": {
              "status": "passed",
              "duration": 6620000000
            }
          },
          {
            "arguments": [],
            "keyword": "Then ",
            "line": 15,
            "name": "user select terminal number and search for the \"1020\" id",
            "result": {
              "status": "passed",
              "duration": 4480000000
            }
          },
          {
            "arguments": [],
            "keyword": "Then ",
            "line": 16,
            "name": "select the last 10 statements",
            "result": {
              "status": "passed",
              "duration": 193000000
            }
          },
          {
            "arguments": [],
            "keyword": "Then ",
            "line": 17,
            "name": "user select the \"Propinas adiccionales\"",
            "result": {
              "status": "passed",
              "duration": 8207000000
            }
          },
          {
            "arguments": [],
            "keyword": "Then ",
            "line": 18,
            "name": "user generate information and verify popup",
            "result": {
              "status": "passed",
              "duration": 9230000000
            }
          }
        ]
      }
    ]
  }
]