[
  {
    "keyword": "Feature",
    "name": "verify update user operation",
    "line": 1,
    "id": "verify-update-user-operation",
    "tags": [],
    "uri": "updateuser.feature",
    "elements": [
      {
        "id": "verify-update-user-operation;update-user",
        "keyword": "Scenario",
        "line": 24,
        "name": "update user",
        "tags": [
          {
            "name": "@client_admin",
            "line": 12
          },
          {
            "name": "@client_create",
            "line": 12
          }
        ],
        "type": "scenario",
        "steps": [
          {
            "arguments": [],
            "keyword": "Given ",
            "line": 5,
            "name": "First user visit login page",
            "result": {
              "status": "passed",
              "duration": 1432000000
            }
          },
          {
            "arguments": [],
            "keyword": "Then ",
            "line": 6,
            "name": "user enter the email and password",
            "result": {
              "status": "passed",
              "duration": 906000000
            }
          },
          {
            "arguments": [],
            "keyword": "And ",
            "line": 7,
            "name": "Click on the login button",
            "result": {
              "status": "passed",
              "duration": 89000000
            }
          },
          {
            "arguments": [],
            "keyword": "Given ",
            "line": 8,
            "name": "visit the user page",
            "result": {
              "status": "passed",
              "duration": 662000000
            }
          },
          {
            "arguments": [],
            "keyword": "Given ",
            "line": 14,
            "name": "user search for \"Dionis\" and \"Vargas\" in search bar",
            "result": {
              "status": "passed",
              "duration": 699000000
            }
          },
          {
            "arguments": [],
            "keyword": "Then ",
            "line": 15,
            "name": "user click on the edit button",
            "result": {
              "status": "passed",
              "duration": 450000000
            }
          },
          {
            "arguments": [],
            "keyword": "Then ",
            "line": 16,
            "name": "verify \"dvargas@banesco.com\" and edit the details",
            "result": {
              "status": "passed",
              "duration": 14000000
            }
          },
          {
            "arguments": [],
            "keyword": "And ",
            "line": 17,
            "name": "after edit click on the save button",
            "result": {
              "status": "passed",
              "duration": 1582000000
            }
          }
        ]
      }
    ]
  }
]