[
  {
    "keyword": "Feature",
    "name": "verify user dropdown",
    "line": 1,
    "id": "verify-user-dropdown",
    "tags": [],
    "uri": "user_dropdown.feature",
    "elements": [
      {
        "id": "verify-user-dropdown;user-search-by-email",
        "keyword": "Scenario",
        "line": 26,
        "name": "user search by email",
        "tags": [
          {
            "name": "@client_admin",
            "line": 15
          },
          {
            "name": "@client_create",
            "line": 15
          }
        ],
        "type": "scenario",
        "steps": [
          {
            "arguments": [],
            "keyword": "Given ",
            "line": 4,
            "name": "First user visit login page",
            "result": {
              "status": "passed",
              "duration": 1519000000
            }
          },
          {
            "arguments": [],
            "keyword": "Then ",
            "line": 5,
            "name": "user enter the email and password",
            "result": {
              "status": "passed",
              "duration": 892000000
            }
          },
          {
            "arguments": [],
            "keyword": "And ",
            "line": 6,
            "name": "Click on the login button",
            "result": {
              "status": "passed",
              "duration": 89000000
            }
          },
          {
            "arguments": [],
            "keyword": "Given ",
            "line": 17,
            "name": "visit the user page",
            "result": {
              "status": "passed",
              "duration": 660000000
            }
          },
          {
            "arguments": [],
            "keyword": "Then ",
            "line": 18,
            "name": "user select email from the dropdown and  enter \"amanb@siddhatech.com\" in the search field",
            "result": {
              "status": "passed",
              "duration": 5970000000
            }
          },
          {
            "arguments": [],
            "keyword": "Then ",
            "line": 19,
            "name": "user select location from the dropdown and enter \"HP\" in the search field",
            "result": {
              "status": "passed",
              "duration": 5354000000
            }
          },
          {
            "arguments": [],
            "keyword": "Then ",
            "line": 20,
            "name": "user select FullName from the dropdown and enter \"Aman Baviskar\" in the search field",
            "result": {
              "status": "passed",
              "duration": 5694000000
            }
          }
        ]
      }
    ]
  }
]